C201,35,5,4,4,Optimal,546.81,605.78,605.81,0,0.031,1330.96 ,1330.99 ,246119,25
C202,35,5,4,4,Feasible,483.28,507.22,541.65,6.36,0.011,7200.17 ,7200.19 ,284368,4
C203,35,5,4,4,Feasible,473.7,488.26,513.85,4.98,0.028,7200.52 ,7200.55 ,140716,2
C204,35,5,4,4,Feasible,474.33,486.51,506.78,4,0.017,7200.68 ,7200.69 ,87172,1
C205,35,5,4,4,Feasible,498.68,552.41,592.95,6.84,0.016,7200.59 ,7200.60 ,364621,29
C206,35,5,4,4,Feasible,483.68,534.26,558.4,4.32,0.006,7200.26 ,7200.27 ,253967,4
C207,35,5,4,4,Feasible,518.92,539.73,556.63,3.04,0.015,7200.26 ,7200.28 ,226250,0
C208,35,5,4,4,Feasible,480.28,515.5,531.99,3.1,0.015,7200.25 ,7200.26 ,429366,6
R201,35,5,4,4,Feasible,616.35,662.8,706.17,6.14,0.07,7200.26 ,7200.33 ,423593,84
R202,35,5,4,4,Feasible,548.38,575.67,616.34,6.6,0.084,7200.28 ,7200.36 ,220069,53
R203,35,5,4,4,Feasible,487.53,506.71,568.43,10.86,0.583,7200.17 ,7200.75 ,189269,141
R204,35,5,4,4,Feasible,474.92,490.58,505.31,2.92,0.293,7201.83 ,7202.12 ,100248,1
R205,35,5,4,4,Feasible,526.82,542.27,602.53,10,0.925,7200.93 ,7201.85 ,144790,422
R206,35,5,4,4,Feasible,503.46,522.41,567.59,7.96,0.042,7201.24 ,7201.28 ,103376,11
R207,35,5,4,4,Feasible,481.83,498.93,514.14,2.96,0.034,7200.64 ,7200.67 ,85021,7
R208,35,5,4,4,Feasible,470.54,482.62,506.84,4.78,0.018,7200.73 ,7200.75 ,116880,0
R209,35,5,4,4,Feasible,488.78,508.93,544.49,6.53,0.228,7200.86 ,7201.09 ,118616,12
R210,35,5,4,4,Feasible,506.65,532.76,560.27,4.91,0.197,7200.87 ,7201.06 ,135876,26
R211,35,5,4,4,Feasible,462.77,474.04,504.41,6.02,1.264,7199.68 ,7200.95 ,116253,243
RC201,35,5,4,4,Feasible,800.43,888.69,950.23,6.48,0.037,7200.77 ,7200.80 ,240570,217
RC202,35,5,4,4,Feasible,739.46,820.36,883.82,7.18,0.379,7200.99 ,7201.37 ,118946,35
RC203,35,5,4,4,Feasible,718.53,736.17,810.71,9.19,0.184,7200.85 ,7201.03 ,135881,41
RC204,35,5,4,4,Feasible,714.63,770.22,832.19,7.45,0.129,7200.92 ,7200.05 ,30156,16
RC205,35,5,4,4,Feasible,756.64,814.8,928.7,12.26,0.53,7200.21 ,7200.74 ,212389,314
RC206,35,5,4,4,Feasible,748.54,795.38,845.83,5.96,0.074,7200.58 ,7200.65 ,141977,15
RC207,35,5,4,4,Feasible,713.12,775.25,805.28,3.73,0.688,7200.05 ,7200.74 ,151531,173
RC208,35,5,4,4,Optimal,704.26,782.45,782.49,0,0.271,1426.83 ,1427.10 ,50722,872
