C201,15,5,2,2,Optimal,211.75 ,211.75 ,0.00 ,0.45 ,87
C202,15,5,2,2,Optimal,203.07 ,203.07 ,0.00 ,131.19 ,63379
C203,15,5,2,2,Optimal,203.07 ,203.07 ,0.00 ,375.52 ,117167
C204,15,5,2,2,Optimal,188.67 ,188.68 ,0.00 ,212.42 ,78373
C205,15,5,2,2,Optimal,208.79 ,208.79 ,0.00 ,3.37 ,2790
C206,15,5,2,2,Optimal,208.79 ,208.79 ,0.00 ,3.54 ,2977
C207,15,5,2,2,Optimal,204.85 ,204.85 ,0.00 ,10.69 ,6010
C208,15,5,2,2,Optimal,203.06 ,203.07 ,0.00 ,18.45 ,9619
R201,15,5,2,2,Optimal,343.67 ,343.68 ,0.00 ,9.96 ,5428
R202,15,5,2,2,Optimal,297.79 ,297.80 ,0.00 ,46.20 ,16259
R203,15,5,2,2,Optimal,297.50 ,297.52 ,0.00 ,105.49 ,40214
R204,15,5,2,2,Optimal,266.59 ,266.59 ,0.00 ,89.41 ,40826
R205,15,5,2,2,Optimal,278.08 ,278.08 ,0.00 ,1.40 ,664
R206,15,5,2,2,Optimal,248.91 ,248.91 ,0.00 ,1.51 ,671
R207,15,5,2,2,Optimal,248.91 ,248.91 ,0.00 ,11.87 ,5007
R208,15,5,2,2,Optimal,238.23 ,238.23 ,0.00 ,18.29 ,3075
R209,15,5,2,2,Optimal,263.48 ,263.48 ,0.00 ,1.85 ,651
R210,15,5,2,2,Optimal,292.15 ,292.15 ,0.00 ,36.85 ,9944
R211,15,5,2,2,Optimal,247.22 ,247.23 ,0.00 ,26.27 ,11202
RC201,15,5,2,2,Optimal,313.08 ,313.08 ,0.00 ,54.04 ,55715
RC202,15,5,2,2,Feasible,224.66 ,236.60 ,5.04 ,7200.03 ,1940896
RC203,15,5,2,2,Optimal,198.64 ,198.64 ,0.00 ,3884.49 ,873167
RC204,15,5,2,2,Feasible,176.36 ,192.18 ,8.23 ,7200.04 ,1503548
RC205,15,5,2,2,Optimal,236.68 ,236.69 ,0.00 ,194.27 ,91563
RC206,15,5,2,2,Optimal,204.22 ,204.22 ,0.00 ,12.22 ,1325
RC207,15,5,2,2,Optimal,189.05 ,189.06 ,0.00 ,857.90 ,282422
RC208,15,5,2,2,Optimal,157.01 ,157.01 ,0.00 ,19.46 ,5889
