C201,15,5,2,2,Optimal,211.75 ,211.75 ,0.00 ,0.15 ,1,0
C202,15,5,2,2,Optimal,203.07 ,203.07 ,0.00 ,18.97 ,13898,0
C203,15,5,2,2,Optimal,203.06 ,203.07 ,0.00 ,47.11 ,23815,0
C204,15,5,2,2,Optimal,188.67 ,188.68 ,0.00 ,54.86 ,32894,0
C205,15,5,2,2,Optimal,208.79 ,208.79 ,0.00 ,0.73 ,703,0
C206,15,5,2,2,Optimal,208.79 ,208.79 ,0.00 ,1.88 ,1869,0
C207,15,5,2,2,Optimal,204.85 ,204.85 ,0.00 ,7.81 ,4822,3
C208,15,5,2,2,Optimal,203.06 ,203.07 ,0.00 ,7.29 ,5355,0
R201,15,5,2,2,Optimal,343.67 ,343.68 ,0.00 ,1.87 ,2526,16
R202,15,5,2,2,Optimal,297.79 ,297.80 ,0.00 ,3.16 ,1971,18
R203,15,5,2,2,Optimal,297.50 ,297.52 ,0.00 ,14.40 ,5116,17
R204,15,5,2,2,Optimal,266.58 ,266.59 ,0.00 ,12.44 ,4091,3
R205,15,5,2,2,Optimal,278.07 ,278.08 ,0.00 ,0.26 ,96,1
R206,15,5,2,2,Optimal,248.91 ,248.91 ,0.00 ,0.52 ,19,0
R207,15,5,2,2,Optimal,248.91 ,248.91 ,0.00 ,1.11 ,403,3
R208,15,5,2,2,Optimal,238.23 ,238.23 ,0.00 ,1.00 ,138,1
R209,15,5,2,2,Optimal,263.48 ,263.48 ,0.00 ,0.18 ,1,0
R210,15,5,2,2,Optimal,292.15 ,292.15 ,0.00 ,2.21 ,1034,7
R211,15,5,2,2,Optimal,247.22 ,247.23 ,0.00 ,13.79 ,8062,30
RC201,15,5,2,2,Optimal,313.06 ,313.08 ,0.00 ,45.83 ,58602,40
RC202,15,5,2,2,Optimal,235.36 ,235.37 ,0.00 ,1025.34 ,376127,0
RC203,15,5,2,2,Optimal,198.63 ,198.64 ,0.00 ,547.48 ,223868,0
RC204,15,5,2,2,Optimal,192.17 ,192.18 ,0.00 ,4426.88 ,1539729,0
RC205,15,5,2,2,Optimal,236.69 ,236.69 ,0.00 ,17.60 ,10421,71
RC206,15,5,2,2,Optimal,204.22 ,204.22 ,0.00 ,0.49 ,169,7
RC207,15,5,2,2,Optimal,189.05 ,189.06 ,0.00 ,111.98 ,54911,0
RC208,15,5,2,2,Optimal,157.00 ,157.01 ,0.00 ,6.38 ,3918,2
