C201,15,5,2,2,Optimal,211.75,211.75,0,0.48,151
C202,15,5,2,2,Optimal,203.06,203.07,0,97.53,48298
C203,15,5,2,2,Optimal,203.07,203.07,0,302.26,112287
C204,15,5,2,2,Optimal,188.67,188.68,0,196.9,83989
C205,15,5,2,2,Optimal,208.79,208.79,0,2.79,2004
C206,15,5,2,2,Optimal,208.79,208.79,0,7.22,4446
C207,15,5,2,2,Optimal,204.85,204.85,0,12.38,6507
C208,15,5,2,2,Optimal,203.07,203.07,0,19.15,9898
R201,15,5,2,2,Optimal,343.68,343.68,0,11.03,3337
R202,15,5,2,2,Optimal,297.8,297.8,0,60.86,17402
R203,15,5,2,2,Optimal,297.52 ,297.52 ,0.00 ,66.61 ,21563
R204,15,5,2,2,Optimal,266.58,266.59,0,55.28,21434
R205,15,5,2,2,Optimal,278.08,278.08,0,1.02,491
R206,15,5,2,2,Optimal,248.9,248.91,0,5.3,1761
R207,15,5,2,2,Optimal,248.91,248.91,0,10.74,4165
R208,15,5,2,2,Optimal,238.23,238.23,0,7.51,2726
R209,15,5,2,2,Optimal,263.48,263.48,0,1.74,742
R210,15,5,2,2,Optimal,292.15,292.15,0,47.93,14593
R211,15,5,2,2,Optimal,247.22,247.23,0,22.62,9468
RC201,15,5,2,2,Optimal,313.06,313.08,0,55.76,59984
RC202,15,5,2,2,Feasible,233.16,235.37,0.94,7200.03,1772931
RC203,15,5,2,2,Optimal,198.64,198.64,0,3328.31,803650
RC204,15,5,2,2,Feasible,171.43,192.18,10.8,7200.04,1046725
RC205,15,5,2,2,Optimal,236.68,236.69,0,422.15,189770
RC206,15,5,2,2,Optimal,204.22,204.22,0,15.83,1476
RC207,15,5,2,2,Optimal,189.05,189.06,0,752.75,217254
RC208,15,5,2,2,Optimal,157,157.01,0,24.4,6554
