C201,45,5,5,4,Optimal,758.86,758.89,0,0.018,1965.28,1965.3,83888,328
C202,45,5,5,4,Feasible,663.35,702.45,5.57,0.009,7200.11,7200.13,98966,160
C203,45,5,5,4,Feasible,633.22,702.37,9.84,0.011,7200.28,7200.29,68806,149
C204,45,5,5,4,Feasible,613.35,655.31,6.4,0.023,7200.39,7200.41,72154,203
C205,45,5,5,4,Feasible,700.12,752.49,6.96,0.027,7200.24,7200.26,128669,291
C206,45,5,5,4,Feasible,678.7,713.19,4.84,0.029,7200.21,7200.24,123275,189
C207,45,5,5,4,Feasible,674.12,703.7,4.2,0.018,7200.36,7200.38,77177,116
C208,45,5,5,4,Feasible,639.23,704.26,9.23,0.062,7200.44,7200.51,117299,382
R201,45,5,5,4,Feasible,771.15,999.91,22.88,0.571,7199.9,7200.48,113283,1717
R202,45,5,5,4,Unknown,704.96,-,-,0.762,7199.65,7200.41,86569,1733
R203,45,5,5,4,Unknown,633.86,-,-,0.539,7200.13,7200.67,59874,536
R204,45,5,5,4,Feasible,601.17,639.13,5.94,0.112,7201.76,7201.87,44890,153
R205,45,5,5,4,Unknown,669.56,-,-,1.071,7199.76,7200.84,70976,1638
R206,45,5,5,4,Feasible,646.14,693.46,6.82,0.633,7200.82,7201.45,56279,386
R207,45,5,5,4,Feasible,619.87,649.25,4.53,0.029,7201.03,7201.05,37875,109
R208,45,5,5,4,Feasible,597.52,639.72,6.6,0.073,7201.07,7201.15,28049,103
R209,45,5,5,4,Feasible,619.09,710.7,12.89,4.391,7196.3,7200.68,49899,878
R210,45,5,5,4,Feasible,652.38,772.94,15.6,0.628,7200.27,7200.89,38181,612
R211,45,5,5,4,Unknown,589.01,-,-,6.201,7194.92,7201.12,43225,1478
RC201,45,5,5,4,Unknown,1026.14,-,-,0.933,7199.51,7200.44,61399,3046
RC202,45,5,5,4,Unknown,971.57,-,-,0.979,7199.64,7200.62,56528,1475
RC203,45,5,5,4,Feasible,945.09,988.5,4.39,1.132,7199.95,7201.07,44543,878
RC204,45,5,5,4,Optimal,931.3,931.34,0,0.188,4303.94,4304.13,12091,69
RC205,45,5,5,4,Unknown,976.53,-,-,0.531,7200.27,7200.79,51894,1144
RC206,45,5,5,4,Unknown,966.74,-,-,1.413,7199.16,7200.57,52582,1858
RC207,45,5,5,4,Feasible,923.52,1150.36,19.72,10.748,7189.97,7200.72,33966,1185
RC208,45,5,5,4,Unknown,909.47,-,-,11.072,7189.88,7200.95,44658,1988
