C201,15,5,2,2,Optimal,253.71 ,258.07 ,258.07 ,0.00 ,0.003 ,0.129 ,0.13 ,1,0
C202,15,5,2,2,Optimal,237.24 ,255.11 ,255.11 ,0.00 ,0.003 ,5.045 ,5.05 ,1178,0
C203,15,5,2,2,Optimal,227.00 ,255.11 ,255.11 ,0.00 ,0.001 ,5.191 ,5.19 ,1117,0
C204,15,5,2,2,Optimal,218.78 ,236.95 ,236.95 ,0.00 ,0.001 ,7.787 ,7.79 ,1005,0
C205,15,5,2,2,Optimal,230.91 ,255.11 ,255.11 ,0.00 ,0.001 ,2.180 ,2.18 ,1810,0
C206,15,5,2,2,Optimal,226.74 ,251.76 ,251.76 ,0.00 ,0.001 ,3.777 ,3.78 ,1541,0
C207,15,5,2,2,Optimal,224.56 ,243.57 ,243.57 ,0.00 ,0.001 ,3.246 ,3.25 ,2343,2
C208,15,5,2,2,Optimal,222.36 ,248.87 ,248.87 ,0.00 ,0.001 ,3.370 ,3.37 ,1565,1
R201,15,5,2,2,Optimal,318.35 ,343.68 ,343.68 ,0.00 ,0.033 ,2.667 ,2.70 ,3083,197
R202,15,5,2,2,Optimal,280.83 ,309.25 ,309.25 ,0.00 ,0.014 ,6.181 ,6.19 ,2704,107
R203,15,5,2,2,Optimal,277.94 ,309.24 ,309.25 ,0.00 ,0.017 ,6.854 ,6.87 ,4531,169
R204,15,5,2,2,Optimal,261.70 ,280.76 ,280.76 ,0.00 ,0.001 ,3.363 ,3.36 ,2249,3
R205,15,5,2,2,Optimal,279.55 ,289.91 ,289.91 ,0.00 ,0.002 ,0.343 ,0.34 ,153,10
R206,15,5,2,2,Optimal,260.15 ,284.24 ,284.24 ,0.00 ,0.001 ,2.090 ,2.09 ,1671,5
R207,15,5,2,2,Optimal,261.12 ,284.24 ,284.24 ,0.00 ,0.003 ,2.292 ,2.29 ,1588,5
R208,15,5,2,2,Optimal,254.30 ,276.75 ,276.75 ,0.00 ,0.001 ,1.176 ,1.18 ,990,1
R209,15,5,2,2,Optimal,264.39 ,289.90 ,289.91 ,0.00 ,0.006 ,1.972 ,1.98 ,2052,62
R210,15,5,2,2,Optimal,284.42 ,296.36 ,296.36 ,0.00 ,0.002 ,1.184 ,1.19 ,598,11
R211,15,5,2,2,Optimal,253.33 ,276.75 ,276.75 ,0.00 ,0.001 ,2.573 ,2.57 ,2559,2
RC201,15,5,2,2,Optimal,306.21 ,343.11 ,343.13 ,0.00 ,0.006 ,2.041 ,2.05 ,1828,164
RC202,15,5,2,2,Optimal,290.56 ,328.13 ,328.13 ,0.00 ,0.006 ,5.038 ,5.04 ,2468,30
RC203,15,5,2,2,Optimal,287.95 ,328.13 ,328.13 ,0.00 ,0.017 ,4.899 ,4.92 ,2777,226
RC204,15,5,2,2,Optimal,275.29 ,321.67 ,321.68 ,0.00 ,0.002 ,1.012 ,1.01 ,688,9
RC205,15,5,2,2,Optimal,291.78 ,333.88 ,333.88 ,0.00 ,0.019 ,3.894 ,3.91 ,2095,194
RC206,15,5,2,2,Optimal,285.64 ,329.31 ,329.32 ,0.00 ,0.009 ,1.776 ,1.79 ,1490,215
RC207,15,5,2,2,Optimal,267.98 ,321.68 ,321.68 ,0.00 ,0.006 ,2.203 ,2.21 ,1907,101
RC208,15,5,2,2,Optimal,280.65 ,316.44 ,316.44 ,0.00 ,0.001 ,2.229 ,2.23 ,731,0
