C201,15,11,2,2,Optimal,211.75 ,211.75 ,0.00 ,0.23 ,4
C202,15,11,2,2,Optimal,203.06 ,203.07 ,0.00 ,129.61 ,74119
C203,15,11,2,2,Optimal,203.06 ,203.07 ,0.00 ,167.89 ,87735
C204,15,11,2,2,Optimal,188.67 ,188.68 ,0.00 ,318.98 ,99882
C205,15,11,2,2,Optimal,208.79 ,208.79 ,0.00 ,2.25 ,1520
C206,15,11,2,2,Optimal,208.78 ,208.79 ,0.00 ,6.82 ,3137
C207,15,11,2,2,Optimal,204.85 ,204.85 ,0.00 ,17.37 ,9449
C208,15,11,2,2,Optimal,203.06 ,203.07 ,0.00 ,14.41 ,6566
R201,15,11,2,2,Optimal,341.01 ,341.03 ,0.00 ,11.17 ,7939
R202,15,11,2,2,Optimal,297.52 ,297.52 ,0.00 ,139.62 ,42867
R203,15,11,2,2,Optimal,297.50 ,297.52 ,0.00 ,2976.36 ,740207
R204,15,11,2,2,Optimal,266.57 ,266.59 ,0.00 ,332.70 ,144578
R205,15,11,2,2,Optimal,278.08 ,278.08 ,0.00 ,1.16 ,375
R206,15,11,2,2,Optimal,248.91 ,248.91 ,0.00 ,4.66 ,582
R207,15,11,2,2,Optimal,248.91 ,248.91 ,0.00 ,148.29 ,55784
R208,15,11,2,2,Optimal,238.23 ,238.23 ,0.00 ,41.08 ,12837
R209,15,11,2,2,Optimal,263.48 ,263.48 ,0.00 ,1.45 ,557
R210,15,11,2,2,Optimal,292.15 ,292.15 ,0.00 ,61.57 ,16667
R211,15,11,2,2,Optimal,256.66 ,256.66 ,0.00 ,294.32 ,94198
RC201,15,11,2,2,Optimal,288.84 ,288.84 ,0.00 ,12.00 ,9979
RC202,15,11,2,2,Feasible,209.31 ,235.37 ,11.07 ,7200.04 ,1835025
RC203,15,11,2,2,Feasible,188.06 ,199.39 ,5.68 ,7200.05 ,1437248
RC204,15,11,2,2,Feasible,168.64 ,192.18 ,12.25 ,7200.05 ,1206091
RC205,15,11,2,2,Optimal,200.75 ,200.76 ,0.00 ,21.18 ,4610
RC206,15,11,2,2,Optimal,204.22 ,204.22 ,0.00 ,6.71 ,1946
RC207,15,11,2,2,Feasible,181.66 ,189.06 ,3.92 ,7200.05 ,1620266
RC208,15,11,2,2,Optimal,158.52 ,158.53 ,0.00 ,5039.64 ,1089625
